"year","country","conditionality","conditions","sanctions","occup","wage","oth","jsr","vol","ref","rep","fail"
1980,"Australia",0.5,0.67,0.38,0.833333333333333,0.666666666666667,0.5,0.666666666666667,0.666666666666667,0.666666666666667,0.166666666666667,0
1981,"Australia",0.5,0.67,0.38,0.833333333333333,0.666666666666667,0.5,0.666666666666667,0.666666666666667,0.666666666666667,0.166666666666667,0
1982,"Australia",0.5,0.67,0.38,0.833333333333333,0.666666666666667,0.5,0.666666666666667,0.666666666666667,0.666666666666667,0.166666666666667,0
1983,"Australia",0.5,0.67,0.38,0.833333333333333,0.666666666666667,0.5,0.666666666666667,0.666666666666667,0.666666666666667,0.166666666666667,0
1984,"Australia",0.5,0.67,0.38,0.833333333333333,0.666666666666667,0.5,0.666666666666667,0.666666666666667,0.666666666666667,0.166666666666667,0
1985,"Australia",0.5,0.67,0.38,0.833333333333333,0.666666666666667,0.5,0.666666666666667,0.666666666666667,0.666666666666667,0.166666666666667,0
1986,"Australia",0.62,0.67,0.58,0.833333333333333,0.666666666666667,0.5,0.666666666666667,0.666666666666667,0.666666666666667,0.166666666666667,0.833333333333333
1987,"Australia",0.53,0.67,0.42,0.833333333333333,0.666666666666667,0.5,0.666666666666667,0.166666666666667,0.333333333333333,0.833333333333333,0.333333333333333
1988,"Australia",0.53,0.67,0.42,0.833333333333333,0.666666666666667,0.5,0.666666666666667,0.166666666666667,0.333333333333333,0.833333333333333,0.333333333333333
1989,"Australia",0.54,0.71,0.42,1,0.666666666666667,0.5,0.666666666666667,0.166666666666667,0.333333333333333,0.833333333333333,0.333333333333333
1990,"Australia",0.57,0.71,0.46,1,0.666666666666667,0.5,0.666666666666667,0.166666666666667,0.333333333333333,1,0.333333333333333
1991,"Australia",0.59,0.75,0.46,1,0.666666666666667,0.5,0.833333333333333,0.166666666666667,0.333333333333333,1,0.333333333333333
1992,"Australia",0.59,0.75,0.46,1,0.666666666666667,0.5,0.833333333333333,0.166666666666667,0.333333333333333,1,0.333333333333333
1993,"Australia",0.59,0.75,0.46,1,0.666666666666667,0.5,0.833333333333333,0.166666666666667,0.333333333333333,1,0.333333333333333
1994,"Australia",0.63,0.79,0.5,1,0.666666666666667,0.666666666666667,0.833333333333333,0.333333333333333,0.333333333333333,1,0.333333333333333
1995,"Australia",0.63,0.79,0.5,1,0.666666666666667,0.666666666666667,0.833333333333333,0.333333333333333,0.333333333333333,1,0.333333333333333
1996,"Australia",0.65,0.83,0.5,1,0.666666666666667,0.666666666666667,1,0.333333333333333,0.333333333333333,1,0.333333333333333
1997,"Australia",0.59,0.83,0.42,1,0.666666666666667,0.666666666666667,1,0.166666666666667,0.5,0.666666666666667,0.333333333333333
1998,"Australia",0.59,0.83,0.42,1,0.666666666666667,0.666666666666667,1,0.166666666666667,0.5,0.666666666666667,0.333333333333333
1999,"Australia",0.57,0.79,0.42,1,0.666666666666667,0.5,1,0.166666666666667,0.5,0.666666666666667,0.333333333333333
2000,"Australia",0.57,0.79,0.42,1,0.666666666666667,0.5,1,0.166666666666667,0.5,0.666666666666667,0.333333333333333
2001,"Australia",0.57,0.79,0.42,1,0.666666666666667,0.5,1,0.166666666666667,0.5,0.666666666666667,0.333333333333333
2002,"Australia",0.57,0.79,0.42,1,0.666666666666667,0.5,1,0.166666666666667,0.5,0.666666666666667,0.333333333333333
2003,"Australia",0.57,0.79,0.42,1,0.666666666666667,0.5,1,0.166666666666667,0.5,0.666666666666667,0.333333333333333
2004,"Australia",0.57,0.79,0.42,1,0.666666666666667,0.5,1,0.166666666666667,0.5,0.666666666666667,0.333333333333333
2005,"Australia",0.51,0.79,0.33,1,0.666666666666667,0.5,1,0.333333333333333,0.5,0.166666666666667,0.333333333333333
2006,"Australia",0.51,0.79,0.33,1,0.666666666666667,0.5,1,0.333333333333333,0.5,0.166666666666667,0.333333333333333
2007,"Australia",0.51,0.79,0.33,1,0.666666666666667,0.5,1,0.333333333333333,0.5,0.166666666666667,0.333333333333333
2008,"Australia",0.51,0.79,0.33,1,0.666666666666667,0.5,1,0.333333333333333,0.5,0.166666666666667,0.333333333333333
2009,"Australia",0.48,0.79,0.29,1,0.666666666666667,0.5,1,0.333333333333333,0.5,0.166666666666667,0.166666666666667
2010,"Australia",0.48,0.79,0.29,1,0.666666666666667,0.5,1,0.333333333333333,0.5,0.166666666666667,0.166666666666667
2011,"Australia",0.48,0.79,0.29,1,0.666666666666667,0.5,1,0.333333333333333,0.5,0.166666666666667,0.166666666666667
2012,"Australia",0.48,0.79,0.29,1,0.666666666666667,0.5,1,0.333333333333333,0.5,0.166666666666667,0.166666666666667
1980,"Austria",0.24,0.33,0.17,0,0.166666666666667,0.666666666666667,0.5,0.166666666666667,0.333333333333333,0.166666666666667,0
1981,"Austria",0.24,0.33,0.17,0,0.166666666666667,0.666666666666667,0.5,0.166666666666667,0.333333333333333,0.166666666666667,0
1982,"Austria",0.24,0.33,0.17,0,0.166666666666667,0.666666666666667,0.5,0.166666666666667,0.333333333333333,0.166666666666667,0
1983,"Austria",0.24,0.33,0.17,0,0.166666666666667,0.666666666666667,0.5,0.166666666666667,0.333333333333333,0.166666666666667,0
1984,"Austria",0.24,0.33,0.17,0,0.166666666666667,0.666666666666667,0.5,0.166666666666667,0.333333333333333,0.166666666666667,0
1985,"Austria",0.24,0.33,0.17,0,0.166666666666667,0.666666666666667,0.5,0.166666666666667,0.333333333333333,0.166666666666667,0
1986,"Austria",0.24,0.33,0.17,0,0.166666666666667,0.666666666666667,0.5,0.166666666666667,0.333333333333333,0.166666666666667,0
1987,"Austria",0.24,0.33,0.17,0,0.166666666666667,0.666666666666667,0.5,0.166666666666667,0.333333333333333,0.166666666666667,0
1988,"Austria",0.24,0.33,0.17,0,0.166666666666667,0.666666666666667,0.5,0.166666666666667,0.333333333333333,0.166666666666667,0
1989,"Austria",0.24,0.33,0.17,0,0.166666666666667,0.666666666666667,0.5,0.166666666666667,0.333333333333333,0.166666666666667,0
1990,"Austria",0.24,0.33,0.17,0,0.166666666666667,0.666666666666667,0.5,0.166666666666667,0.333333333333333,0.166666666666667,0
1991,"Austria",0.24,0.33,0.17,0,0.166666666666667,0.666666666666667,0.5,0.166666666666667,0.333333333333333,0.166666666666667,0
1992,"Austria",0.24,0.33,0.17,0,0.166666666666667,0.666666666666667,0.5,0.166666666666667,0.333333333333333,0.166666666666667,0
1993,"Austria",0.39,0.33,0.46,0,0.166666666666667,0.666666666666667,0.5,0.166666666666667,0.333333333333333,0.833333333333333,0.5
1994,"Austria",0.39,0.33,0.46,0,0.166666666666667,0.666666666666667,0.5,0.166666666666667,0.333333333333333,0.833333333333333,0.5
1995,"Austria",0.39,0.33,0.46,0,0.166666666666667,0.666666666666667,0.5,0.166666666666667,0.333333333333333,0.833333333333333,0.5
1996,"Austria",0.41,0.33,0.5,0,0.166666666666667,0.666666666666667,0.5,0.166666666666667,0.5,0.833333333333333,0.5
1997,"Austria",0.41,0.33,0.5,0,0.166666666666667,0.666666666666667,0.5,0.166666666666667,0.5,0.833333333333333,0.5
1998,"Austria",0.41,0.33,0.5,0,0.166666666666667,0.666666666666667,0.5,0.166666666666667,0.5,0.833333333333333,0.5
1999,"Austria",0.41,0.33,0.5,0,0.166666666666667,0.666666666666667,0.5,0.166666666666667,0.5,0.833333333333333,0.5
2000,"Austria",0.41,0.33,0.5,0,0.166666666666667,0.666666666666667,0.5,0.166666666666667,0.5,0.833333333333333,0.5
2001,"Austria",0.43,0.38,0.5,0,0.166666666666667,0.666666666666667,0.666666666666667,0.166666666666667,0.5,0.833333333333333,0.5
2002,"Austria",0.43,0.38,0.5,0,0.166666666666667,0.666666666666667,0.666666666666667,0.166666666666667,0.5,0.833333333333333,0.5
2003,"Austria",0.43,0.38,0.5,0,0.166666666666667,0.666666666666667,0.666666666666667,0.166666666666667,0.5,0.833333333333333,0.5
2004,"Austria",0.58,0.67,0.5,0.666666666666667,0.333333333333333,0.666666666666667,1,0.166666666666667,0.5,0.833333333333333,0.5
2005,"Austria",0.58,0.67,0.5,0.666666666666667,0.333333333333333,0.666666666666667,1,0.166666666666667,0.5,0.833333333333333,0.5
2006,"Austria",0.58,0.67,0.5,0.666666666666667,0.333333333333333,0.666666666666667,1,0.166666666666667,0.5,0.833333333333333,0.5
2007,"Austria",0.58,0.67,0.5,0.666666666666667,0.333333333333333,0.666666666666667,1,0.166666666666667,0.5,0.833333333333333,0.5
2008,"Austria",0.58,0.67,0.5,0.666666666666667,0.333333333333333,0.666666666666667,1,0.166666666666667,0.5,0.833333333333333,0.5
2009,"Austria",0.58,0.67,0.5,0.666666666666667,0.333333333333333,0.666666666666667,1,0.166666666666667,0.5,0.833333333333333,0.5
2010,"Austria",0.58,0.67,0.5,0.666666666666667,0.333333333333333,0.666666666666667,1,0.166666666666667,0.5,0.833333333333333,0.5
2011,"Austria",0.54,0.58,0.5,0.666666666666667,0,0.666666666666667,1,0.166666666666667,0.5,0.833333333333333,0.5
2012,"Austria",0.54,0.58,0.5,0.666666666666667,0,0.666666666666667,1,0.166666666666667,0.5,0.833333333333333,0.5
1980,"Belgium",0.52,0.54,0.5,0.666666666666667,0.833333333333333,0.666666666666667,0,0.666666666666667,0.666666666666667,0.666666666666667,0
1981,"Belgium",0.52,0.54,0.5,0.666666666666667,0.833333333333333,0.666666666666667,0,0.666666666666667,0.666666666666667,0.666666666666667,0
1982,"Belgium",0.52,0.54,0.5,0.666666666666667,0.833333333333333,0.666666666666667,0,0.666666666666667,0.666666666666667,0.666666666666667,0
1983,"Belgium",0.52,0.54,0.5,0.666666666666667,0.833333333333333,0.666666666666667,0,0.666666666666667,0.666666666666667,0.666666666666667,0
1984,"Belgium",0.52,0.54,0.5,0.666666666666667,0.833333333333333,0.666666666666667,0,0.666666666666667,0.666666666666667,0.666666666666667,0
1985,"Belgium",0.52,0.54,0.5,0.666666666666667,0.833333333333333,0.666666666666667,0,0.666666666666667,0.666666666666667,0.666666666666667,0
1986,"Belgium",0.52,0.54,0.5,0.666666666666667,0.833333333333333,0.666666666666667,0,0.666666666666667,0.666666666666667,0.666666666666667,0
1987,"Belgium",0.52,0.54,0.5,0.666666666666667,0.833333333333333,0.666666666666667,0,0.666666666666667,0.666666666666667,0.666666666666667,0
1988,"Belgium",0.52,0.54,0.5,0.666666666666667,0.833333333333333,0.666666666666667,0,0.666666666666667,0.666666666666667,0.666666666666667,0
1989,"Belgium",0.52,0.54,0.5,0.666666666666667,0.833333333333333,0.666666666666667,0,0.666666666666667,0.666666666666667,0.666666666666667,0
1990,"Belgium",0.52,0.54,0.5,0.666666666666667,0.833333333333333,0.666666666666667,0,0.666666666666667,0.666666666666667,0.666666666666667,0
1991,"Belgium",0.5,0.38,0.67,0.5,0.333333333333333,0.666666666666667,0,0.833333333333333,0.833333333333333,1,0
1992,"Belgium",0.53,0.42,0.67,0.5,0.333333333333333,0.666666666666667,0.166666666666667,0.833333333333333,0.833333333333333,1,0
1993,"Belgium",0.53,0.42,0.67,0.5,0.333333333333333,0.666666666666667,0.166666666666667,0.833333333333333,0.833333333333333,1,0
1994,"Belgium",0.5,0.38,0.67,0.5,0.333333333333333,0.5,0.166666666666667,0.833333333333333,0.833333333333333,1,0
1995,"Belgium",0.5,0.38,0.67,0.5,0.333333333333333,0.5,0.166666666666667,0.833333333333333,0.833333333333333,1,0
1996,"Belgium",0.5,0.38,0.67,0.5,0.333333333333333,0.5,0.166666666666667,0.833333333333333,0.833333333333333,1,0
1997,"Belgium",0.5,0.38,0.67,0.5,0.333333333333333,0.5,0.166666666666667,0.833333333333333,0.833333333333333,1,0
1998,"Belgium",0.5,0.38,0.67,0.5,0.333333333333333,0.5,0.166666666666667,0.833333333333333,0.833333333333333,1,0
1999,"Belgium",0.5,0.38,0.67,0.5,0.333333333333333,0.5,0.166666666666667,0.833333333333333,0.833333333333333,1,0
2000,"Belgium",0.5,0.38,0.67,0.5,0.333333333333333,0.5,0.166666666666667,0.833333333333333,0.833333333333333,1,0
2001,"Belgium",0.5,0.38,0.67,0.5,0.333333333333333,0.5,0.166666666666667,0.833333333333333,0.833333333333333,1,0
2002,"Belgium",0.5,0.38,0.67,0.5,0.333333333333333,0.5,0.166666666666667,0.833333333333333,0.833333333333333,1,0
2003,"Belgium",0.5,0.38,0.67,0.5,0.333333333333333,0.5,0.166666666666667,0.833333333333333,0.833333333333333,1,0
2004,"Belgium",0.53,0.42,0.67,0.5,0.333333333333333,0.5,0.333333333333333,0.833333333333333,0.833333333333333,1,0
2005,"Belgium",0.53,0.42,0.67,0.5,0.333333333333333,0.5,0.333333333333333,0.833333333333333,0.833333333333333,1,0
2006,"Belgium",0.53,0.42,0.67,0.5,0.333333333333333,0.5,0.333333333333333,0.833333333333333,0.833333333333333,1,0
2007,"Belgium",0.53,0.42,0.67,0.5,0.333333333333333,0.5,0.333333333333333,0.833333333333333,0.833333333333333,1,0
2008,"Belgium",0.53,0.42,0.67,0.5,0.333333333333333,0.5,0.333333333333333,0.833333333333333,0.833333333333333,1,0
2009,"Belgium",0.53,0.42,0.67,0.5,0.333333333333333,0.5,0.333333333333333,0.833333333333333,0.833333333333333,1,0
2010,"Belgium",0.53,0.42,0.67,0.5,0.333333333333333,0.5,0.333333333333333,0.833333333333333,0.833333333333333,1,0
2011,"Belgium",NA,NA,0.67,0.666666666666667,NA,0.5,0.333333333333333,0.833333333333333,0.833333333333333,1,0
2012,"Belgium",NA,NA,0.67,0.666666666666667,NA,0.5,0.333333333333333,0.833333333333333,0.833333333333333,1,0
1980,"Canada",0.25,0.25,0.25,0.166666666666667,0,0.833333333333333,0,0.333333333333333,0.5,0.166666666666667,0
1981,"Canada",0.25,0.25,0.25,0.166666666666667,0,0.833333333333333,0,0.333333333333333,0.5,0.166666666666667,0
1982,"Canada",0.25,0.25,0.25,0.166666666666667,0,0.833333333333333,0,0.333333333333333,0.5,0.166666666666667,0
1983,"Canada",0.25,0.25,0.25,0.166666666666667,0,0.833333333333333,0,0.333333333333333,0.5,0.166666666666667,0
1984,"Canada",0.25,0.25,0.25,0.166666666666667,0,0.833333333333333,0,0.333333333333333,0.5,0.166666666666667,0
1985,"Canada",0.25,0.25,0.25,0.166666666666667,0,0.833333333333333,0,0.333333333333333,0.5,0.166666666666667,0
1986,"Canada",0.25,0.25,0.25,0.166666666666667,0,0.833333333333333,0,0.333333333333333,0.5,0.166666666666667,0
1987,"Canada",0.25,0.25,0.25,0.166666666666667,0,0.833333333333333,0,0.333333333333333,0.5,0.166666666666667,0
1988,"Canada",0.25,0.25,0.25,0.166666666666667,0,0.833333333333333,0,0.333333333333333,0.5,0.166666666666667,0
1989,"Canada",0.25,0.25,0.25,0.166666666666667,0,0.833333333333333,0,0.333333333333333,0.5,0.166666666666667,0
1990,"Canada",0.31,0.25,0.38,0.166666666666667,0,0.833333333333333,0,0.666666666666667,0.666666666666667,0.166666666666667,0
1991,"Canada",0.31,0.25,0.38,0.166666666666667,0,0.833333333333333,0,0.666666666666667,0.666666666666667,0.166666666666667,0
1992,"Canada",0.31,0.25,0.38,0.166666666666667,0,0.833333333333333,0,0.666666666666667,0.666666666666667,0.166666666666667,0
1993,"Canada",0.34,0.25,0.46,0.166666666666667,0,0.833333333333333,0,1,0.666666666666667,0.166666666666667,0
1994,"Canada",0.34,0.25,0.46,0.166666666666667,0,0.833333333333333,0,1,0.666666666666667,0.166666666666667,0
1995,"Canada",0.34,0.25,0.46,0.166666666666667,0,0.833333333333333,0,1,0.666666666666667,0.166666666666667,0
1996,"Canada",0.34,0.25,0.46,0.166666666666667,0,0.833333333333333,0,1,0.666666666666667,0.166666666666667,0
1997,"Canada",0.34,0.25,0.46,0.166666666666667,0,0.833333333333333,0,1,0.666666666666667,0.166666666666667,0
1998,"Canada",0.34,0.25,0.46,0.166666666666667,0,0.833333333333333,0,1,0.666666666666667,0.166666666666667,0
1999,"Canada",0.34,0.25,0.46,0.166666666666667,0,0.833333333333333,0,1,0.666666666666667,0.166666666666667,0
2000,"Canada",0.34,0.25,0.46,0.166666666666667,0,0.833333333333333,0,1,0.666666666666667,0.166666666666667,0
2001,"Canada",0.34,0.25,0.46,0.166666666666667,0,0.833333333333333,0,1,0.666666666666667,0.166666666666667,0
2002,"Canada",0.34,0.25,0.46,0.166666666666667,0,0.833333333333333,0,1,0.666666666666667,0.166666666666667,0
2003,"Canada",0.34,0.25,0.46,0.166666666666667,0,0.833333333333333,0,1,0.666666666666667,0.166666666666667,0
2004,"Canada",0.34,0.25,0.46,0.166666666666667,0,0.833333333333333,0,1,0.666666666666667,0.166666666666667,0
2005,"Canada",0.34,0.25,0.46,0.166666666666667,0,0.833333333333333,0,1,0.666666666666667,0.166666666666667,0
2006,"Canada",0.34,0.25,0.46,0.166666666666667,0,0.833333333333333,0,1,0.666666666666667,0.166666666666667,0
2007,"Canada",0.34,0.25,0.46,0.166666666666667,0,0.833333333333333,0,1,0.666666666666667,0.166666666666667,0
2008,"Canada",0.34,0.25,0.46,0.166666666666667,0,0.833333333333333,0,1,0.666666666666667,0.166666666666667,0
2009,"Canada",0.34,0.25,0.46,0.166666666666667,0,0.833333333333333,0,1,0.666666666666667,0.166666666666667,0
2010,"Canada",0.34,0.25,0.46,0.166666666666667,0,0.833333333333333,0,1,0.666666666666667,0.166666666666667,0
2011,"Canada",0.34,0.25,0.46,0.166666666666667,0,0.833333333333333,0,1,0.666666666666667,0.166666666666667,0
2012,"Canada",0.39,0.33,0.46,0.5,0,0.666666666666667,0.166666666666667,1,0.666666666666667,0.166666666666667,0
1980,"Denmark",NA,NA,NA,0,NA,0,NA,NA,0.333333333333333,0.833333333333333,0
1981,"Denmark",NA,NA,NA,0,NA,0,NA,NA,0.333333333333333,0.833333333333333,0
1982,"Denmark",0.33,0.38,0.29,0,0.833333333333333,0.666666666666667,0,0.333333333333333,0.333333333333333,0.5,0
1983,"Denmark",0.33,0.38,0.29,0,0.833333333333333,0.666666666666667,0,0.333333333333333,0.333333333333333,0.5,0
1984,"Denmark",0.33,0.38,0.29,0,0.833333333333333,0.666666666666667,0,0.333333333333333,0.333333333333333,0.5,0
1985,"Denmark",0.33,0.38,0.29,0,0.833333333333333,0.666666666666667,0,0.333333333333333,0.333333333333333,0.5,0
1986,"Denmark",0.33,0.38,0.29,0,0.833333333333333,0.666666666666667,0,0.333333333333333,0.333333333333333,0.5,0
1987,"Denmark",0.33,0.38,0.29,0,0.833333333333333,0.666666666666667,0,0.333333333333333,0.333333333333333,0.5,0
1988,"Denmark",0.33,0.38,0.29,0,0.833333333333333,0.666666666666667,0,0.333333333333333,0.333333333333333,0.5,0
1989,"Denmark",0.4,0.54,0.29,0.333333333333333,0.833333333333333,0.666666666666667,0.333333333333333,0.333333333333333,0.333333333333333,0.5,0
1990,"Denmark",0.4,0.54,0.29,0.333333333333333,0.833333333333333,0.666666666666667,0.333333333333333,0.333333333333333,0.333333333333333,0.5,0
1991,"Denmark",0.4,0.54,0.29,0.333333333333333,0.833333333333333,0.666666666666667,0.333333333333333,0.333333333333333,0.333333333333333,0.5,0
1992,"Denmark",0.4,0.54,0.29,0.333333333333333,0.833333333333333,0.666666666666667,0.333333333333333,0.333333333333333,0.333333333333333,0.5,0
1993,"Denmark",0.41,0.58,0.29,0.333333333333333,1,0.5,0.5,0.333333333333333,0.333333333333333,0.5,0
1994,"Denmark",0.41,0.58,0.29,0.333333333333333,1,0.5,0.5,0.333333333333333,0.333333333333333,0.5,0
1995,"Denmark",0.41,0.58,0.29,0.333333333333333,1,0.5,0.5,0.333333333333333,0.333333333333333,0.5,0
1996,"Denmark",0.41,0.58,0.29,0.333333333333333,1,0.5,0.5,0.333333333333333,0.333333333333333,0.5,0
1997,"Denmark",0.43,0.62,0.29,0.5,1,0.5,0.5,0.333333333333333,0.333333333333333,0.5,0
1998,"Denmark",0.45,0.71,0.29,0.666666666666667,1,0.666666666666667,0.5,0.333333333333333,0.333333333333333,0.5,0
1999,"Denmark",0.45,0.71,0.29,0.666666666666667,1,0.666666666666667,0.5,0.333333333333333,0.333333333333333,0.5,0
2000,"Denmark",0.45,0.71,0.29,0.666666666666667,1,0.666666666666667,0.5,0.333333333333333,0.333333333333333,0.5,0
2001,"Denmark",0.44,0.67,0.29,0.666666666666667,1,0.5,0.5,0.333333333333333,0.333333333333333,0.5,0
2002,"Denmark",0.44,0.67,0.29,0.666666666666667,1,0.5,0.5,0.333333333333333,0.333333333333333,0.5,0
2003,"Denmark",0.43,0.75,0.25,1,1,0.5,0.5,0.166666666666667,0.333333333333333,0.5,0
2004,"Denmark",0.43,0.75,0.25,1,1,0.5,0.5,0.166666666666667,0.333333333333333,0.5,0
2005,"Denmark",0.43,0.75,0.25,1,1,0.5,0.5,0.166666666666667,0.333333333333333,0.5,0
2006,"Denmark",0.43,0.75,0.25,1,1,0.5,0.5,0.166666666666667,0.333333333333333,0.5,0
2007,"Denmark",0.43,0.75,0.25,1,1,0.5,0.5,0.166666666666667,0.333333333333333,0.5,0
2008,"Denmark",0.43,0.75,0.25,1,1,0.5,0.5,0.166666666666667,0.333333333333333,0.5,0
2009,"Denmark",0.46,0.83,0.25,1,1,0.5,0.833333333333333,0.166666666666667,0.333333333333333,0.5,0
2010,"Denmark",0.46,0.83,0.25,1,1,0.5,0.833333333333333,0.166666666666667,0.333333333333333,0.5,0
2011,"Denmark",0.46,0.83,0.25,1,1,0.5,0.833333333333333,0.166666666666667,0.333333333333333,0.5,0
2012,"Denmark",0.46,0.83,0.25,1,1,0.5,0.833333333333333,0.166666666666667,0.333333333333333,0.5,0
1980,"Finland",0.35,0.5,0.25,0.666666666666667,0.666666666666667,0.666666666666667,0,0.333333333333333,0.5,0.166666666666667,0
1981,"Finland",0.35,0.5,0.25,0.666666666666667,0.666666666666667,0.666666666666667,0,0.333333333333333,0.5,0.166666666666667,0
1982,"Finland",0.35,0.5,0.25,0.666666666666667,0.666666666666667,0.666666666666667,0,0.333333333333333,0.5,0.166666666666667,0
1983,"Finland",0.35,0.5,0.25,0.666666666666667,0.666666666666667,0.666666666666667,0,0.333333333333333,0.5,0.166666666666667,0
1984,"Finland",0.38,0.5,0.29,0.666666666666667,0.666666666666667,0.666666666666667,0,0.333333333333333,0.5,0.333333333333333,0
1985,"Finland",0.38,0.5,0.29,0.666666666666667,0.666666666666667,0.666666666666667,0,0.333333333333333,0.5,0.333333333333333,0
1986,"Finland",0.38,0.5,0.29,0.666666666666667,0.666666666666667,0.666666666666667,0,0.333333333333333,0.5,0.333333333333333,0
1987,"Finland",0.38,0.5,0.29,0.666666666666667,0.666666666666667,0.666666666666667,0,0.333333333333333,0.5,0.333333333333333,0
1988,"Finland",0.38,0.5,0.29,0.666666666666667,0.666666666666667,0.666666666666667,0,0.333333333333333,0.5,0.333333333333333,0
1989,"Finland",0.38,0.5,0.29,0.666666666666667,0.666666666666667,0.666666666666667,0,0.333333333333333,0.5,0.333333333333333,0
1990,"Finland",0.35,0.42,0.29,0.666666666666667,0.333333333333333,0.666666666666667,0,0.333333333333333,0.5,0.333333333333333,0
1991,"Finland",0.35,0.42,0.29,0.666666666666667,0.333333333333333,0.666666666666667,0,0.333333333333333,0.5,0.333333333333333,0
1992,"Finland",0.35,0.42,0.29,0.666666666666667,0.333333333333333,0.666666666666667,0,0.333333333333333,0.5,0.333333333333333,0
1993,"Finland",0.46,0.5,0.42,0.666666666666667,0.666666666666667,0.666666666666667,0,0.333333333333333,0.5,0.333333333333333,0.5
1994,"Finland",0.46,0.5,0.42,0.666666666666667,0.666666666666667,0.666666666666667,0,0.333333333333333,0.5,0.333333333333333,0.5
1995,"Finland",0.46,0.5,0.42,0.666666666666667,0.666666666666667,0.666666666666667,0,0.333333333333333,0.5,0.333333333333333,0.5
1996,"Finland",0.46,0.5,0.42,0.666666666666667,0.666666666666667,0.666666666666667,0,0.333333333333333,0.5,0.333333333333333,0.5
1997,"Finland",0.56,0.54,0.58,0.666666666666667,0.666666666666667,0.666666666666667,0.166666666666667,0.666666666666667,0.5,0.5,0.666666666666667
1998,"Finland",0.56,0.54,0.58,0.666666666666667,0.666666666666667,0.666666666666667,0.166666666666667,0.666666666666667,0.5,0.5,0.666666666666667
1999,"Finland",0.56,0.54,0.58,0.666666666666667,0.666666666666667,0.666666666666667,0.166666666666667,0.666666666666667,0.5,0.5,0.666666666666667
2000,"Finland",0.56,0.54,0.58,0.666666666666667,0.666666666666667,0.666666666666667,0.166666666666667,0.666666666666667,0.5,0.5,0.666666666666667
2001,"Finland",0.56,0.54,0.58,0.666666666666667,0.666666666666667,0.666666666666667,0.166666666666667,0.666666666666667,0.5,0.5,0.666666666666667
2002,"Finland",0.58,0.58,0.58,0.666666666666667,0.666666666666667,0.666666666666667,0.333333333333333,0.666666666666667,0.5,0.5,0.666666666666667
2003,"Finland",0.58,0.58,0.58,0.666666666666667,0.666666666666667,0.666666666666667,0.333333333333333,0.666666666666667,0.5,0.5,0.666666666666667
2004,"Finland",0.58,0.58,0.58,0.666666666666667,0.666666666666667,0.666666666666667,0.333333333333333,0.666666666666667,0.5,0.5,0.666666666666667
2005,"Finland",0.58,0.58,0.58,0.666666666666667,0.666666666666667,0.666666666666667,0.333333333333333,0.666666666666667,0.5,0.5,0.666666666666667
2006,"Finland",0.6,0.62,0.58,0.666666666666667,0.666666666666667,0.666666666666667,0.5,0.666666666666667,0.5,0.5,0.666666666666667
2007,"Finland",0.6,0.62,0.58,0.666666666666667,0.666666666666667,0.666666666666667,0.5,0.666666666666667,0.5,0.5,0.666666666666667
2008,"Finland",0.6,0.62,0.58,0.666666666666667,0.666666666666667,0.666666666666667,0.5,0.666666666666667,0.5,0.5,0.666666666666667
2009,"Finland",0.6,0.62,0.58,0.666666666666667,0.666666666666667,0.666666666666667,0.5,0.666666666666667,0.5,0.5,0.666666666666667
2010,"Finland",0.62,0.67,0.58,0.666666666666667,0.666666666666667,0.666666666666667,0.666666666666667,0.666666666666667,0.5,0.5,0.666666666666667
2011,"Finland",0.62,0.67,0.58,0.666666666666667,0.666666666666667,0.666666666666667,0.666666666666667,0.666666666666667,0.5,0.5,0.666666666666667
2012,"Finland",0.62,0.67,0.58,0.666666666666667,0.666666666666667,0.666666666666667,0.666666666666667,0.666666666666667,0.5,0.5,0.666666666666667
1980,"France",0.48,0.46,0.5,0,0.166666666666667,1,0.666666666666667,0,1,1,0
1981,"France",0.48,0.46,0.5,0,0.166666666666667,1,0.666666666666667,0,1,1,0
1982,"France",0.46,0.42,0.5,0,0.166666666666667,1,0.5,0,1,1,0
1983,"France",0.46,0.42,0.5,0,0.166666666666667,1,0.5,0,1,1,0
1984,"France",0.46,0.42,0.5,0,0.166666666666667,1,0.5,0,1,1,0
1985,"France",0.53,0.42,0.67,0,0.166666666666667,1,0.5,0.666666666666667,1,1,0
1986,"France",0.53,0.42,0.67,0,0.166666666666667,1,0.5,0.666666666666667,1,1,0
1987,"France",0.53,0.42,0.67,0,0.166666666666667,1,0.5,0.666666666666667,1,1,0
1988,"France",0.53,0.42,0.67,0,0.166666666666667,1,0.5,0.666666666666667,1,1,0
1989,"France",0.53,0.42,0.67,0,0.166666666666667,1,0.5,0.666666666666667,1,1,0
1990,"France",0.53,0.42,0.67,0,0.166666666666667,1,0.5,0.666666666666667,1,1,0
1991,"France",0.53,0.42,0.67,0,0.166666666666667,1,0.5,0.666666666666667,1,1,0
1992,"France",0.51,0.42,0.62,0,0.166666666666667,1,0.5,0.666666666666667,0.833333333333333,0.166666666666667,0.833333333333333
1993,"France",0.48,0.38,0.62,0,0.166666666666667,0.833333333333333,0.5,0.666666666666667,0.833333333333333,0.166666666666667,0.833333333333333
1994,"France",0.48,0.38,0.62,0,0.166666666666667,0.833333333333333,0.5,0.666666666666667,0.833333333333333,0.166666666666667,0.833333333333333
1995,"France",0.48,0.38,0.62,0,0.166666666666667,0.833333333333333,0.5,0.666666666666667,0.833333333333333,0.166666666666667,0.833333333333333
1996,"France",0.48,0.38,0.62,0,0.166666666666667,0.833333333333333,0.5,0.666666666666667,0.833333333333333,0.166666666666667,0.833333333333333
1997,"France",0.48,0.38,0.62,0,0.166666666666667,0.833333333333333,0.5,0.666666666666667,0.833333333333333,0.166666666666667,0.833333333333333
1998,"France",0.48,0.38,0.62,0,0.166666666666667,0.833333333333333,0.5,0.666666666666667,0.833333333333333,0.166666666666667,0.833333333333333
1999,"France",0.48,0.38,0.62,0,0.166666666666667,0.833333333333333,0.5,0.666666666666667,0.833333333333333,0.166666666666667,0.833333333333333
2000,"France",0.54,0.46,0.62,0,0.166666666666667,0.833333333333333,0.833333333333333,0.666666666666667,0.833333333333333,0.166666666666667,0.833333333333333
2001,"France",0.49,0.42,0.58,0,0.166666666666667,0.833333333333333,0.666666666666667,0.5,0.833333333333333,0.166666666666667,0.833333333333333
2002,"France",0.49,0.42,0.58,0,0.166666666666667,0.833333333333333,0.666666666666667,0.5,0.833333333333333,0.166666666666667,0.833333333333333
2003,"France",0.49,0.42,0.58,0,0.166666666666667,0.833333333333333,0.666666666666667,0.5,0.833333333333333,0.166666666666667,0.833333333333333
2004,"France",0.49,0.42,0.58,0,0.166666666666667,0.833333333333333,0.666666666666667,0.5,0.833333333333333,0.166666666666667,0.833333333333333
2005,"France",0.53,0.42,0.67,0,0.166666666666667,0.833333333333333,0.666666666666667,0.5,0.5,1,0.666666666666667
2006,"France",0.55,0.46,0.67,0,0.166666666666667,0.833333333333333,0.833333333333333,0.5,0.5,1,0.666666666666667
2007,"France",0.55,0.46,0.67,0,0.166666666666667,0.833333333333333,0.833333333333333,0.5,0.5,1,0.666666666666667
2008,"France",0.46,0.42,0.5,0,0,0.833333333333333,0.833333333333333,0.5,0,1,0.5
2009,"France",0.46,0.42,0.5,0,0,0.833333333333333,0.833333333333333,0.5,0,1,0.5
2010,"France",0.46,0.42,0.5,0,0,0.833333333333333,0.833333333333333,0.5,0,1,0.5
2011,"France",0.46,0.42,0.5,0,0,0.833333333333333,0.833333333333333,0.5,0,1,0.5
2012,"France",0.46,0.42,0.5,0,0,0.833333333333333,0.833333333333333,0.5,0,1,0.5
1980,"Germany",0.25,0.17,0.38,0,0.166666666666667,0.5,0,0.166666666666667,0.333333333333333,1,0
1981,"Germany",0.28,0.17,0.46,0,0.166666666666667,0.5,0,0.333333333333333,0.5,1,0
1982,"Germany",0.41,0.38,0.46,0.666666666666667,0.333333333333333,0.5,0,0.333333333333333,0.5,1,0
1983,"Germany",0.41,0.38,0.46,0.666666666666667,0.333333333333333,0.5,0,0.333333333333333,0.5,1,0
1984,"Germany",0.45,0.38,0.54,0.666666666666667,0.333333333333333,0.5,0,0.666666666666667,0.5,1,0
1985,"Germany",0.45,0.38,0.54,0.666666666666667,0.333333333333333,0.5,0,0.666666666666667,0.5,1,0
1986,"Germany",0.45,0.38,0.54,0.666666666666667,0.333333333333333,0.5,0,0.666666666666667,0.5,1,0
1987,"Germany",0.45,0.38,0.54,0.666666666666667,0.333333333333333,0.5,0,0.666666666666667,0.5,1,0
1988,"Germany",0.45,0.38,0.54,0.666666666666667,0.333333333333333,0.5,0,0.666666666666667,0.5,1,0
1989,"Germany",0.45,0.38,0.54,0.666666666666667,0.333333333333333,0.5,0,0.666666666666667,0.5,1,0
1990,"Germany",0.45,0.38,0.54,0.666666666666667,0.333333333333333,0.5,0,0.666666666666667,0.5,1,0
1991,"Germany",0.45,0.38,0.54,0.666666666666667,0.333333333333333,0.5,0,0.666666666666667,0.5,1,0
1992,"Germany",0.45,0.38,0.54,0.666666666666667,0.333333333333333,0.5,0,0.666666666666667,0.5,1,0
1993,"Germany",0.45,0.38,0.54,0.666666666666667,0.333333333333333,0.5,0,0.666666666666667,0.5,1,0
1994,"Germany",0.45,0.38,0.54,0.666666666666667,0.333333333333333,0.5,0,0.666666666666667,0.5,1,0
1995,"Germany",0.45,0.38,0.54,0.666666666666667,0.333333333333333,0.5,0,0.666666666666667,0.5,1,0
1996,"Germany",0.45,0.38,0.54,0.666666666666667,0.333333333333333,0.5,0,0.666666666666667,0.5,1,0
1997,"Germany",0.62,0.67,0.58,1,0.333333333333333,0.666666666666667,0.666666666666667,0.666666666666667,0.666666666666667,1,0
1998,"Germany",0.62,0.67,0.58,1,0.333333333333333,0.666666666666667,0.666666666666667,0.666666666666667,0.666666666666667,1,0
1999,"Germany",0.6,0.62,0.58,1,0.333333333333333,0.666666666666667,0.5,0.666666666666667,0.666666666666667,1,0
2000,"Germany",0.6,0.62,0.58,1,0.333333333333333,0.666666666666667,0.5,0.666666666666667,0.666666666666667,1,0
2001,"Germany",0.62,0.67,0.58,1,0.333333333333333,0.666666666666667,0.666666666666667,0.666666666666667,0.666666666666667,1,0
2002,"Germany",0.55,0.67,0.46,1,0.333333333333333,0.666666666666667,0.666666666666667,0.666666666666667,0.333333333333333,0.833333333333333,0
2003,"Germany",0.6,0.67,0.54,1,0.333333333333333,0.666666666666667,0.666666666666667,0.666666666666667,0.333333333333333,0.833333333333333,0.333333333333333
2004,"Germany",0.6,0.67,0.54,1,0.333333333333333,0.666666666666667,0.666666666666667,0.666666666666667,0.333333333333333,0.833333333333333,0.333333333333333
2005,"Germany",0.6,0.67,0.54,1,0.333333333333333,0.666666666666667,0.666666666666667,0.666666666666667,0.333333333333333,0.833333333333333,0.333333333333333
2006,"Germany",0.6,0.67,0.54,1,0.333333333333333,0.666666666666667,0.666666666666667,0.666666666666667,0.333333333333333,0.833333333333333,0.333333333333333
2007,"Germany",0.6,0.67,0.54,1,0.333333333333333,0.666666666666667,0.666666666666667,0.666666666666667,0.333333333333333,0.833333333333333,0.333333333333333
2008,"Germany",0.6,0.67,0.54,1,0.333333333333333,0.666666666666667,0.666666666666667,0.666666666666667,0.333333333333333,0.833333333333333,0.333333333333333
2009,"Germany",0.6,0.67,0.54,1,0.333333333333333,0.666666666666667,0.666666666666667,0.666666666666667,0.333333333333333,0.833333333333333,0.333333333333333
2010,"Germany",0.6,0.67,0.54,1,0.333333333333333,0.666666666666667,0.666666666666667,0.666666666666667,0.333333333333333,0.833333333333333,0.333333333333333
2011,"Germany",0.56,0.58,0.54,1,0,0.666666666666667,0.666666666666667,0.666666666666667,0.333333333333333,0.833333333333333,0.333333333333333
2012,"Germany",0.56,0.58,0.54,1,0,0.666666666666667,0.666666666666667,0.666666666666667,0.333333333333333,0.833333333333333,0.333333333333333
1980,"Greece",0.53,0.38,0.75,0,0.833333333333333,0.666666666666667,0,1,1,1,0
1981,"Greece",0.53,0.38,0.75,0,0.833333333333333,0.666666666666667,0,1,1,1,0
1982,"Greece",0.53,0.38,0.75,0,0.833333333333333,0.666666666666667,0,1,1,1,0
1983,"Greece",0.53,0.38,0.75,0,0.833333333333333,0.666666666666667,0,1,1,1,0
1984,"Greece",0.53,0.38,0.75,0,0.833333333333333,0.666666666666667,0,1,1,1,0
1985,"Greece",0.53,0.38,0.75,0,0.833333333333333,0.666666666666667,0,1,1,1,0
1986,"Greece",0.53,0.38,0.75,0,0.833333333333333,0.666666666666667,0,1,1,1,0
1987,"Greece",0.53,0.38,0.75,0,0.833333333333333,0.666666666666667,0,1,1,1,0
1988,"Greece",0.53,0.38,0.75,0,0.833333333333333,0.666666666666667,0,1,1,1,0
1989,"Greece",0.53,0.38,0.75,0,0.833333333333333,0.666666666666667,0,1,1,1,0
1990,"Greece",0.53,0.38,0.75,0,0.833333333333333,0.666666666666667,0,1,1,1,0
1991,"Greece",0.53,0.38,0.75,0,0.833333333333333,0.666666666666667,0,1,1,1,0
1992,"Greece",0.53,0.38,0.75,0,0.833333333333333,0.666666666666667,0,1,1,1,0
1993,"Greece",0.53,0.38,0.75,0,0.833333333333333,0.666666666666667,0,1,1,1,0
1994,"Greece",0.53,0.38,0.75,0,0.833333333333333,0.666666666666667,0,1,1,1,0
1995,"Greece",0.53,0.38,0.75,0,0.833333333333333,0.666666666666667,0,1,1,1,0
1996,"Greece",0.53,0.38,0.75,0,0.833333333333333,0.666666666666667,0,1,1,1,0
1997,"Greece",0.53,0.38,0.75,0,0.833333333333333,0.666666666666667,0,1,1,1,0
1998,"Greece",0.53,0.38,0.75,0,0.833333333333333,0.666666666666667,0,1,1,1,0
1999,"Greece",0.53,0.38,0.75,0,0.833333333333333,0.666666666666667,0,1,1,1,0
2000,"Greece",0.53,0.38,0.75,0,0.833333333333333,0.666666666666667,0,1,1,1,0
2001,"Greece",0.56,0.42,0.75,0,0.833333333333333,0.666666666666667,0.166666666666667,1,1,1,0
2002,"Greece",0.56,0.42,0.75,0,0.833333333333333,0.666666666666667,0.166666666666667,1,1,1,0
2003,"Greece",0.56,0.42,0.75,0,0.833333333333333,0.666666666666667,0.166666666666667,1,1,1,0
2004,"Greece",0.56,0.42,0.75,0,0.833333333333333,0.666666666666667,0.166666666666667,1,1,1,0
2005,"Greece",0.56,0.42,0.75,0,0.833333333333333,0.666666666666667,0.166666666666667,1,1,1,0
2006,"Greece",0.56,0.42,0.75,0,0.833333333333333,0.666666666666667,0.166666666666667,1,1,1,0
2007,"Greece",0.56,0.42,0.75,0,0.833333333333333,0.666666666666667,0.166666666666667,1,1,1,0
2008,"Greece",0.56,0.42,0.75,0,0.833333333333333,0.666666666666667,0.166666666666667,1,1,1,0
2009,"Greece",0.56,0.42,0.75,0,0.833333333333333,0.666666666666667,0.166666666666667,1,1,1,0
2010,"Greece",0.56,0.42,0.75,0,0.833333333333333,0.666666666666667,0.166666666666667,1,1,1,0
2011,"Greece",0.56,0.42,0.75,0,0.833333333333333,0.666666666666667,0.166666666666667,1,1,1,0
2012,"Greece",0.56,0.42,0.75,0,0.833333333333333,0.666666666666667,0.166666666666667,1,1,1,0
1980,"Ireland",0.25,0.25,0.25,0.166666666666667,0,0.833333333333333,0,0.333333333333333,0.5,0.166666666666667,0
1981,"Ireland",0.25,0.25,0.25,0.166666666666667,0,0.833333333333333,0,0.333333333333333,0.5,0.166666666666667,0
1982,"Ireland",0.25,0.25,0.25,0.166666666666667,0,0.833333333333333,0,0.333333333333333,0.5,0.166666666666667,0
1983,"Ireland",0.25,0.25,0.25,0.166666666666667,0,0.833333333333333,0,0.333333333333333,0.5,0.166666666666667,0
1984,"Ireland",0.25,0.25,0.25,0.166666666666667,0,0.833333333333333,0,0.333333333333333,0.5,0.166666666666667,0
1985,"Ireland",0.25,0.25,0.25,0.166666666666667,0,0.833333333333333,0,0.333333333333333,0.5,0.166666666666667,0
1986,"Ireland",0.25,0.25,0.25,0.166666666666667,0,0.833333333333333,0,0.333333333333333,0.5,0.166666666666667,0
1987,"Ireland",0.25,0.25,0.25,0.166666666666667,0,0.833333333333333,0,0.333333333333333,0.5,0.166666666666667,0
1988,"Ireland",0.25,0.25,0.25,0.166666666666667,0,0.833333333333333,0,0.333333333333333,0.5,0.166666666666667,0
1989,"Ireland",0.32,0.21,0.5,0.166666666666667,0,0.5,0.166666666666667,0.333333333333333,0.5,0.166666666666667,1
1990,"Ireland",0.32,0.21,0.5,0.166666666666667,0,0.5,0.166666666666667,0.333333333333333,0.5,0.166666666666667,1
1991,"Ireland",0.32,0.21,0.5,0.166666666666667,0,0.5,0.166666666666667,0.333333333333333,0.5,0.166666666666667,1
1992,"Ireland",0.34,0.21,0.54,0.166666666666667,0,0.5,0.166666666666667,0.5,0.5,0.166666666666667,1
1993,"Ireland",0.34,0.21,0.54,0.166666666666667,0,0.5,0.166666666666667,0.5,0.5,0.166666666666667,1
1994,"Ireland",0.34,0.21,0.54,0.166666666666667,0,0.5,0.166666666666667,0.5,0.5,0.166666666666667,1
1995,"Ireland",0.34,0.21,0.54,0.166666666666667,0,0.5,0.166666666666667,0.5,0.5,0.166666666666667,1
1996,"Ireland",0.34,0.21,0.54,0.166666666666667,0,0.5,0.166666666666667,0.5,0.5,0.166666666666667,1
1997,"Ireland",0.34,0.21,0.54,0.166666666666667,0,0.5,0.166666666666667,0.5,0.5,0.166666666666667,1
1998,"Ireland",0.37,0.25,0.54,0.166666666666667,0,0.5,0.333333333333333,0.5,0.5,0.166666666666667,1
1999,"Ireland",0.48,0.42,0.54,0.833333333333333,0,0.5,0.333333333333333,0.5,0.5,0.166666666666667,1
2000,"Ireland",0.48,0.42,0.54,0.833333333333333,0,0.5,0.333333333333333,0.5,0.5,0.166666666666667,1
2001,"Ireland",0.48,0.42,0.54,0.833333333333333,0,0.5,0.333333333333333,0.5,0.5,0.166666666666667,1
2002,"Ireland",0.48,0.42,0.54,0.833333333333333,0,0.5,0.333333333333333,0.5,0.5,0.166666666666667,1
2003,"Ireland",0.48,0.42,0.54,0.833333333333333,0,0.5,0.333333333333333,0.5,0.5,0.166666666666667,1
2004,"Ireland",0.48,0.42,0.54,0.833333333333333,0,0.5,0.333333333333333,0.5,0.5,0.166666666666667,1
2005,"Ireland",0.48,0.42,0.54,0.833333333333333,0,0.5,0.333333333333333,0.5,0.5,0.166666666666667,1
2006,"Ireland",0.48,0.42,0.54,0.833333333333333,0,0.5,0.333333333333333,0.5,0.5,0.166666666666667,1
2007,"Ireland",0.48,0.42,0.54,0.833333333333333,0,0.5,0.333333333333333,0.5,0.5,0.166666666666667,1
2008,"Ireland",0.48,0.42,0.54,0.833333333333333,0,0.5,0.333333333333333,0.5,0.5,0.166666666666667,1
2009,"Ireland",0.48,0.42,0.54,0.833333333333333,0,0.5,0.333333333333333,0.5,0.5,0.166666666666667,1
2010,"Ireland",0.6,0.42,0.88,0.833333333333333,0,0.5,0.333333333333333,0.5,1,1,1
2011,"Ireland",0.6,0.42,0.88,0.833333333333333,0,0.5,0.333333333333333,0.5,1,1,1
2012,"Ireland",0.6,0.42,0.88,0.833333333333333,0,0.5,0.333333333333333,0.5,1,1,1
1980,"Italy",0.15,0.04,0.54,0,0.166666666666667,0,0,0.166666666666667,1,1,0
1981,"Italy",0.15,0.04,0.54,0,0.166666666666667,0,0,0.166666666666667,1,1,0
1982,"Italy",0.15,0.04,0.54,0,0.166666666666667,0,0,0.166666666666667,1,1,0
1983,"Italy",0.15,0.04,0.54,0,0.166666666666667,0,0,0.166666666666667,1,1,0
1984,"Italy",0.15,0.04,0.54,0,0.166666666666667,0,0,0.166666666666667,1,1,0
1985,"Italy",0.15,0.04,0.54,0,0.166666666666667,0,0,0.166666666666667,1,1,0
1986,"Italy",0.15,0.04,0.54,0,0.166666666666667,0,0,0.166666666666667,1,1,0
1987,"Italy",0.27,0.25,0.29,0,1,0,0,0.166666666666667,0,1,0
1988,"Italy",0.27,0.25,0.29,0,1,0,0,0.166666666666667,0,1,0
1989,"Italy",0.27,0.25,0.29,0,1,0,0,0.166666666666667,0,1,0
1990,"Italy",0.27,0.25,0.29,0,1,0,0,0.166666666666667,0,1,0
1991,"Italy",0.37,0.25,0.54,0,1,0,0,0.166666666666667,1,1,0
1992,"Italy",0.37,0.25,0.54,0,1,0,0,0.166666666666667,1,1,0
1993,"Italy",0.37,0.25,0.54,0,1,0,0,0.166666666666667,1,1,0
1994,"Italy",0.37,0.25,0.54,0,1,0,0,0.166666666666667,1,1,0
1995,"Italy",0.37,0.25,0.54,0,1,0,0,0.166666666666667,1,1,0
1996,"Italy",0.37,0.25,0.54,0,1,0,0,0.166666666666667,1,1,0
1997,"Italy",0.37,0.25,0.54,0,1,0,0,0.166666666666667,1,1,0
1998,"Italy",0.43,0.25,0.75,0,1,0,0,1,1,1,0
1999,"Italy",0.43,0.25,0.75,0,1,0,0,1,1,1,0
2000,"Italy",0.43,0.25,0.75,0,1,0,0,1,1,1,0
2001,"Italy",0.43,0.25,0.75,0,1,0,0,1,1,1,0
2002,"Italy",0.61,0.5,0.75,1,1,0,0,1,1,1,0
2003,"Italy",0.43,0.25,0.75,1,0,0,0,1,1,1,0
2004,"Italy",0.43,0.25,0.75,1,0,0,0,1,1,1,0
2005,"Italy",0.43,0.25,0.75,1,0,0,0,1,1,1,0
2006,"Italy",0.43,0.25,0.75,1,0,0,0,1,1,1,0
2007,"Italy",0.43,0.25,0.75,1,0,0,0,1,1,1,0
2008,"Italy",0.43,0.25,0.75,1,0,0,0,1,1,1,0
2009,"Italy",0.43,0.25,0.75,1,0,0,0,1,1,1,0
2010,"Italy",0.43,0.25,0.75,1,0,0,0,1,1,1,0
2011,"Italy",0.43,0.25,0.75,1,0,0,0,1,1,1,0
2012,"Italy",NA,NA,0.75,1,NA,0,0,1,1,1,0
1980,"Japan",0.28,0.38,0.21,0,0.166666666666667,0.833333333333333,0.5,0.333333333333333,0.333333333333333,0.166666666666667,0
1981,"Japan",0.28,0.38,0.21,0,0.166666666666667,0.833333333333333,0.5,0.333333333333333,0.333333333333333,0.166666666666667,0
1982,"Japan",0.28,0.38,0.21,0,0.166666666666667,0.833333333333333,0.5,0.333333333333333,0.333333333333333,0.166666666666667,0
1983,"Japan",0.28,0.38,0.21,0,0.166666666666667,0.833333333333333,0.5,0.333333333333333,0.333333333333333,0.166666666666667,0
1984,"Japan",0.33,0.38,0.29,0,0.166666666666667,0.833333333333333,0.5,0.666666666666667,0.333333333333333,0.166666666666667,0
1985,"Japan",0.33,0.38,0.29,0,0.166666666666667,0.833333333333333,0.5,0.666666666666667,0.333333333333333,0.166666666666667,0
1986,"Japan",0.33,0.38,0.29,0,0.166666666666667,0.833333333333333,0.5,0.666666666666667,0.333333333333333,0.166666666666667,0
1987,"Japan",0.33,0.38,0.29,0,0.166666666666667,0.833333333333333,0.5,0.666666666666667,0.333333333333333,0.166666666666667,0
1988,"Japan",0.33,0.38,0.29,0,0.166666666666667,0.833333333333333,0.5,0.666666666666667,0.333333333333333,0.166666666666667,0
1989,"Japan",0.33,0.38,0.29,0,0.166666666666667,0.833333333333333,0.5,0.666666666666667,0.333333333333333,0.166666666666667,0
1990,"Japan",0.33,0.38,0.29,0,0.166666666666667,0.833333333333333,0.5,0.666666666666667,0.333333333333333,0.166666666666667,0
1991,"Japan",0.33,0.38,0.29,0,0.166666666666667,0.833333333333333,0.5,0.666666666666667,0.333333333333333,0.166666666666667,0
1992,"Japan",0.33,0.38,0.29,0,0.166666666666667,0.833333333333333,0.5,0.666666666666667,0.333333333333333,0.166666666666667,0
1993,"Japan",0.33,0.38,0.29,0,0.166666666666667,0.833333333333333,0.5,0.666666666666667,0.333333333333333,0.166666666666667,0
1994,"Japan",0.33,0.38,0.29,0,0.166666666666667,0.833333333333333,0.5,0.666666666666667,0.333333333333333,0.166666666666667,0
1995,"Japan",0.33,0.38,0.29,0,0.166666666666667,0.833333333333333,0.5,0.666666666666667,0.333333333333333,0.166666666666667,0
1996,"Japan",0.33,0.38,0.29,0,0.166666666666667,0.833333333333333,0.5,0.666666666666667,0.333333333333333,0.166666666666667,0
1997,"Japan",0.33,0.38,0.29,0,0.166666666666667,0.833333333333333,0.5,0.666666666666667,0.333333333333333,0.166666666666667,0
1998,"Japan",0.33,0.38,0.29,0,0.166666666666667,0.833333333333333,0.5,0.666666666666667,0.333333333333333,0.166666666666667,0
1999,"Japan",0.33,0.38,0.29,0,0.166666666666667,0.833333333333333,0.5,0.666666666666667,0.333333333333333,0.166666666666667,0
2000,"Japan",0.33,0.38,0.29,0,0.166666666666667,0.833333333333333,0.5,0.666666666666667,0.333333333333333,0.166666666666667,0
2001,"Japan",0.33,0.38,0.29,0,0.166666666666667,0.833333333333333,0.5,0.666666666666667,0.333333333333333,0.166666666666667,0
2002,"Japan",0.33,0.38,0.29,0,0.166666666666667,0.833333333333333,0.5,0.666666666666667,0.333333333333333,0.166666666666667,0
2003,"Japan",0.33,0.38,0.29,0,0.166666666666667,0.833333333333333,0.5,0.666666666666667,0.333333333333333,0.166666666666667,0
2004,"Japan",0.33,0.38,0.29,0,0.166666666666667,0.833333333333333,0.5,0.666666666666667,0.333333333333333,0.166666666666667,0
2005,"Japan",0.33,0.38,0.29,0,0.166666666666667,0.833333333333333,0.5,0.666666666666667,0.333333333333333,0.166666666666667,0
2006,"Japan",0.33,0.38,0.29,0,0.166666666666667,0.833333333333333,0.5,0.666666666666667,0.333333333333333,0.166666666666667,0
2007,"Japan",0.33,0.38,0.29,0,0.166666666666667,0.833333333333333,0.5,0.666666666666667,0.333333333333333,0.166666666666667,0
2008,"Japan",0.33,0.38,0.29,0,0.166666666666667,0.833333333333333,0.5,0.666666666666667,0.333333333333333,0.166666666666667,0
2009,"Japan",0.33,0.38,0.29,0,0.166666666666667,0.833333333333333,0.5,0.666666666666667,0.333333333333333,0.166666666666667,0
2010,"Japan",0.33,0.38,0.29,0,0.166666666666667,0.833333333333333,0.5,0.666666666666667,0.333333333333333,0.166666666666667,0
2011,"Japan",0.33,0.38,0.29,0,0.166666666666667,0.833333333333333,0.5,0.666666666666667,0.333333333333333,0.166666666666667,0
2012,"Japan",0.33,0.38,0.29,0,0.166666666666667,0.833333333333333,0.5,0.666666666666667,0.333333333333333,0.166666666666667,0
1996,"Korea",0.52,0.46,0.58,0,0.166666666666667,1,0.666666666666667,1,0.833333333333333,0.166666666666667,0.333333333333333
1997,"Korea",0.52,0.46,0.58,0,0.166666666666667,1,0.666666666666667,1,0.833333333333333,0.166666666666667,0.333333333333333
1998,"Korea",0.46,0.46,0.46,0,0.166666666666667,1,0.666666666666667,1,0.333333333333333,0.166666666666667,0.333333333333333
1999,"Korea",0.46,0.46,0.46,0,0.166666666666667,1,0.666666666666667,1,0.333333333333333,0.166666666666667,0.333333333333333
2000,"Korea",0.46,0.46,0.46,0,0.166666666666667,1,0.666666666666667,1,0.333333333333333,0.166666666666667,0.333333333333333
2001,"Korea",0.46,0.46,0.46,0,0.166666666666667,1,0.666666666666667,1,0.333333333333333,0.166666666666667,0.333333333333333
2002,"Korea",0.46,0.46,0.46,0,0.166666666666667,1,0.666666666666667,1,0.333333333333333,0.166666666666667,0.333333333333333
2003,"Korea",0.46,0.46,0.46,0,0.166666666666667,1,0.666666666666667,1,0.333333333333333,0.166666666666667,0.333333333333333
2004,"Korea",0.46,0.46,0.46,0,0.166666666666667,1,0.666666666666667,1,0.333333333333333,0.166666666666667,0.333333333333333
2005,"Korea",0.46,0.42,0.5,0,0.166666666666667,1,0.5,1,0.333333333333333,0.166666666666667,0.5
2006,"Korea",0.5,0.5,0.5,0,0.166666666666667,1,0.833333333333333,1,0.333333333333333,0.166666666666667,0.5
2007,"Korea",0.5,0.5,0.5,0,0.166666666666667,1,0.833333333333333,1,0.333333333333333,0.166666666666667,0.5
2008,"Korea",0.5,0.5,0.5,0,0.166666666666667,1,0.833333333333333,1,0.333333333333333,0.166666666666667,0.5
2009,"Korea",0.46,0.42,0.5,0,0.166666666666667,1,0.5,1,0.333333333333333,0.166666666666667,0.5
2010,"Korea",0.46,0.42,0.5,0,0.166666666666667,1,0.5,1,0.333333333333333,0.166666666666667,0.5
2011,"Korea",0.46,0.42,0.5,0,0.166666666666667,1,0.5,1,0.333333333333333,0.166666666666667,0.5
2012,"Korea",0.46,0.42,0.5,0,0.166666666666667,1,0.5,1,0.333333333333333,0.166666666666667,0.5
1986,"Netherlands",NA,NA,NA,1,NA,0,0.166666666666667,NA,1,1,0
1987,"Netherlands",NA,NA,NA,1,NA,0,0.166666666666667,NA,1,1,0
1988,"Netherlands",NA,NA,NA,1,NA,0,0.166666666666667,NA,1,1,0
1989,"Netherlands",NA,NA,NA,1,NA,0,0.166666666666667,NA,1,1,0
1990,"Netherlands",NA,NA,NA,1,NA,0,0.166666666666667,NA,1,1,0
1991,"Netherlands",NA,NA,NA,1,NA,0,0.166666666666667,NA,1,1,0
1992,"Netherlands",NA,0.46,NA,0.5,0.5,0.666666666666667,0.166666666666667,NA,1,1,0
1993,"Netherlands",NA,0.46,NA,0.5,0.5,0.666666666666667,0.166666666666667,NA,1,1,0
1994,"Netherlands",NA,0.46,NA,0.5,0.5,0.666666666666667,0.166666666666667,NA,1,1,0
1995,"Netherlands",NA,0.46,NA,0.5,0.5,0.666666666666667,0.166666666666667,NA,1,1,0
1996,"Netherlands",NA,0.46,NA,0.5,0.5,0.666666666666667,0.166666666666667,NA,1,1,0
1997,"Netherlands",0.59,0.46,0.75,0.5,0.5,0.666666666666667,0.166666666666667,1,1,1,0
1998,"Netherlands",0.59,0.46,0.75,0.5,0.5,0.666666666666667,0.166666666666667,1,1,1,0
1999,"Netherlands",0.59,0.46,0.75,0.5,0.5,0.666666666666667,0.166666666666667,1,1,1,0
2000,"Netherlands",0.59,0.46,0.75,0.5,0.5,0.666666666666667,0.166666666666667,1,1,1,0
2001,"Netherlands",0.64,0.54,0.75,0.5,0.5,0.666666666666667,0.5,1,1,1,0
2002,"Netherlands",0.64,0.54,0.75,0.5,0.5,0.666666666666667,0.5,1,1,1,0
2003,"Netherlands",0.64,0.54,0.75,0.5,0.5,0.666666666666667,0.5,1,1,1,0
2004,"Netherlands",0.64,0.54,0.75,0.5,0.5,0.666666666666667,0.5,1,1,1,0
2005,"Netherlands",0.64,0.54,0.75,0.5,0.5,0.666666666666667,0.5,1,1,1,0
2006,"Netherlands",0.64,0.54,0.75,0.5,0.5,0.666666666666667,0.5,1,1,1,0
2007,"Netherlands",0.64,0.54,0.75,0.5,0.5,0.666666666666667,0.5,1,1,1,0
2008,"Netherlands",0.62,0.62,0.62,0.5,0.833333333333333,0.666666666666667,0.5,1,0.333333333333333,0.5,0.666666666666667
2009,"Netherlands",0.62,0.62,0.62,0.5,0.833333333333333,0.666666666666667,0.5,1,0.333333333333333,0.5,0.666666666666667
2010,"Netherlands",0.62,0.62,0.62,0.5,0.833333333333333,0.666666666666667,0.5,1,0.333333333333333,0.5,0.666666666666667
2011,"Netherlands",0.62,0.62,0.62,0.5,0.833333333333333,0.666666666666667,0.5,1,0.333333333333333,0.5,0.666666666666667
2012,"Netherlands",0.67,0.71,0.62,0.5,0.833333333333333,0.666666666666667,0.833333333333333,1,0.333333333333333,0.5,0.666666666666667
1980,"New Zealand",0.53,0.75,0.38,1,0.833333333333333,0.666666666666667,0.5,0.333333333333333,0.5,0.166666666666667,0.5
1981,"New Zealand",0.53,0.75,0.38,1,0.833333333333333,0.666666666666667,0.5,0.333333333333333,0.5,0.166666666666667,0.5
1982,"New Zealand",0.61,0.75,0.5,1,0.833333333333333,0.666666666666667,0.5,0.333333333333333,0.5,0.666666666666667,0.5
1983,"New Zealand",0.61,0.75,0.5,1,0.833333333333333,0.666666666666667,0.5,0.333333333333333,0.5,0.666666666666667,0.5
1984,"New Zealand",0.61,0.75,0.5,1,0.833333333333333,0.666666666666667,0.5,0.333333333333333,0.5,0.666666666666667,0.5
1985,"New Zealand",0.61,0.75,0.5,1,0.833333333333333,0.666666666666667,0.5,0.333333333333333,0.5,0.666666666666667,0.5
1986,"New Zealand",0.61,0.75,0.5,1,0.833333333333333,0.666666666666667,0.5,0.333333333333333,0.5,0.666666666666667,0.5
1987,"New Zealand",0.61,0.75,0.5,1,0.833333333333333,0.666666666666667,0.5,0.333333333333333,0.5,0.666666666666667,0.5
1988,"New Zealand",0.61,0.75,0.5,1,0.833333333333333,0.666666666666667,0.5,0.333333333333333,0.5,0.666666666666667,0.5
1989,"New Zealand",0.6,0.71,0.5,1,0.833333333333333,0.666666666666667,0.333333333333333,0.333333333333333,0.5,0.666666666666667,0.5
1990,"New Zealand",0.61,0.75,0.5,1,0.833333333333333,0.833333333333333,0.333333333333333,0.333333333333333,0.5,0.666666666666667,0.5
1991,"New Zealand",0.68,0.75,0.62,1,0.833333333333333,0.833333333333333,0.333333333333333,0.833333333333333,0,0.833333333333333,0.833333333333333
1992,"New Zealand",0.7,0.79,0.62,1,0.833333333333333,0.833333333333333,0.5,0.833333333333333,0,0.833333333333333,0.833333333333333
1993,"New Zealand",0.7,0.79,0.62,1,0.833333333333333,0.833333333333333,0.5,0.833333333333333,0,0.833333333333333,0.833333333333333
1994,"New Zealand",0.7,0.79,0.62,1,0.833333333333333,0.833333333333333,0.5,0.833333333333333,0,0.833333333333333,0.833333333333333
1995,"New Zealand",0.7,0.79,0.62,1,0.833333333333333,0.833333333333333,0.5,0.833333333333333,0,0.833333333333333,0.833333333333333
1996,"New Zealand",0.63,0.79,0.5,1,0.833333333333333,0.833333333333333,0.5,0.666666666666667,0.333333333333333,0.666666666666667,0.333333333333333
1997,"New Zealand",0.63,0.79,0.5,1,0.833333333333333,0.833333333333333,0.5,0.666666666666667,0.333333333333333,0.666666666666667,0.333333333333333
1998,"New Zealand",0.6,0.79,0.46,1,0.833333333333333,0.833333333333333,0.5,0.666666666666667,0.333333333333333,0.666666666666667,0.166666666666667
1999,"New Zealand",0.6,0.79,0.46,1,0.833333333333333,0.833333333333333,0.5,0.666666666666667,0.333333333333333,0.666666666666667,0.166666666666667
2000,"New Zealand",0.6,0.79,0.46,1,0.833333333333333,0.833333333333333,0.5,0.666666666666667,0.333333333333333,0.666666666666667,0.166666666666667
2001,"New Zealand",0.51,0.79,0.33,1,0.833333333333333,0.833333333333333,0.5,0.666666666666667,0.166666666666667,0.333333333333333,0.166666666666667
2002,"New Zealand",0.51,0.79,0.33,1,0.833333333333333,0.833333333333333,0.5,0.666666666666667,0.166666666666667,0.333333333333333,0.166666666666667
2003,"New Zealand",0.51,0.79,0.33,1,0.833333333333333,0.833333333333333,0.5,0.666666666666667,0.166666666666667,0.333333333333333,0.166666666666667
2004,"New Zealand",0.51,0.79,0.33,1,0.833333333333333,0.833333333333333,0.5,0.666666666666667,0.166666666666667,0.333333333333333,0.166666666666667
2005,"New Zealand",0.51,0.79,0.33,1,0.833333333333333,0.833333333333333,0.5,0.666666666666667,0.166666666666667,0.333333333333333,0.166666666666667
2006,"New Zealand",0.51,0.79,0.33,1,0.833333333333333,0.833333333333333,0.5,0.666666666666667,0.166666666666667,0.333333333333333,0.166666666666667
2007,"New Zealand",0.51,0.79,0.33,1,0.833333333333333,0.833333333333333,0.5,0.666666666666667,0.166666666666667,0.333333333333333,0.166666666666667
2008,"New Zealand",0.51,0.79,0.33,1,0.833333333333333,0.833333333333333,0.5,0.666666666666667,0.166666666666667,0.333333333333333,0.166666666666667
2009,"New Zealand",0.51,0.79,0.33,1,0.833333333333333,0.833333333333333,0.5,0.666666666666667,0.166666666666667,0.333333333333333,0.166666666666667
2010,"New Zealand",0.58,0.67,0.5,1,0.833333333333333,0.666666666666667,0.166666666666667,0.666666666666667,0.333333333333333,0.666666666666667,0.333333333333333
2011,"New Zealand",0.56,0.62,0.5,1,0.833333333333333,0.5,0.166666666666667,0.666666666666667,0.333333333333333,0.666666666666667,0.333333333333333
2012,"New Zealand",0.56,0.62,0.5,1,0.833333333333333,0.5,0.166666666666667,0.666666666666667,0.333333333333333,0.666666666666667,0.333333333333333
1980,"Norway",0.54,0.71,0.42,1,1,0.833333333333333,0,0.333333333333333,0.5,0.166666666666667,0.666666666666667
1981,"Norway",0.54,0.71,0.42,1,1,0.833333333333333,0,0.333333333333333,0.5,0.166666666666667,0.666666666666667
1982,"Norway",0.54,0.71,0.42,1,1,0.833333333333333,0,0.333333333333333,0.5,0.166666666666667,0.666666666666667
1983,"Norway",0.54,0.71,0.42,1,1,0.833333333333333,0,0.333333333333333,0.5,0.166666666666667,0.666666666666667
1984,"Norway",0.54,0.71,0.42,1,1,0.833333333333333,0,0.333333333333333,0.5,0.166666666666667,0.666666666666667
1985,"Norway",0.54,0.71,0.42,1,1,0.833333333333333,0,0.333333333333333,0.5,0.166666666666667,0.666666666666667
1986,"Norway",0.54,0.71,0.42,1,1,0.833333333333333,0,0.333333333333333,0.5,0.166666666666667,0.666666666666667
1987,"Norway",0.54,0.71,0.42,1,1,0.833333333333333,0,0.333333333333333,0.5,0.166666666666667,0.666666666666667
1988,"Norway",0.54,0.71,0.42,1,1,0.833333333333333,0,0.333333333333333,0.5,0.166666666666667,0.666666666666667
1989,"Norway",0.54,0.71,0.42,1,1,0.833333333333333,0,0.333333333333333,0.5,0.166666666666667,0.666666666666667
1990,"Norway",0.51,0.62,0.42,1,0.666666666666667,0.833333333333333,0,0.333333333333333,0.5,0.166666666666667,0.666666666666667
1991,"Norway",0.51,0.62,0.42,1,0.666666666666667,0.833333333333333,0,0.333333333333333,0.5,0.166666666666667,0.666666666666667
1992,"Norway",0.51,0.62,0.42,1,0.666666666666667,0.833333333333333,0,0.333333333333333,0.5,0.166666666666667,0.666666666666667
1993,"Norway",0.51,0.62,0.42,1,0.666666666666667,0.833333333333333,0,0.333333333333333,0.5,0.166666666666667,0.666666666666667
1994,"Norway",0.51,0.62,0.42,1,0.666666666666667,0.833333333333333,0,0.333333333333333,0.5,0.166666666666667,0.666666666666667
1995,"Norway",0.51,0.62,0.42,1,0.666666666666667,0.833333333333333,0,0.333333333333333,0.5,0.166666666666667,0.666666666666667
1996,"Norway",0.58,0.58,0.58,1,0.666666666666667,0.666666666666667,0,0.333333333333333,0.5,0.833333333333333,0.666666666666667
1997,"Norway",0.58,0.58,0.58,1,0.666666666666667,0.666666666666667,0,0.333333333333333,0.5,0.833333333333333,0.666666666666667
1998,"Norway",0.58,0.58,0.58,1,0.666666666666667,0.666666666666667,0,0.333333333333333,0.5,0.833333333333333,0.666666666666667
1999,"Norway",0.58,0.58,0.58,1,0.666666666666667,0.666666666666667,0,0.333333333333333,0.5,0.833333333333333,0.666666666666667
2000,"Norway",0.58,0.58,0.58,1,0.666666666666667,0.666666666666667,0,0.333333333333333,0.5,0.833333333333333,0.666666666666667
2001,"Norway",0.58,0.58,0.58,1,0.666666666666667,0.666666666666667,0,0.333333333333333,0.5,0.833333333333333,0.666666666666667
2002,"Norway",0.58,0.58,0.58,1,0.666666666666667,0.666666666666667,0,0.333333333333333,0.5,0.833333333333333,0.666666666666667
2003,"Norway",0.58,0.58,0.58,1,0.666666666666667,0.666666666666667,0,0.333333333333333,0.5,0.833333333333333,0.666666666666667
2004,"Norway",0.58,0.58,0.58,1,0.666666666666667,0.666666666666667,0,0.333333333333333,0.5,0.833333333333333,0.666666666666667
2005,"Norway",0.58,0.58,0.58,1,0.666666666666667,0.666666666666667,0,0.333333333333333,0.5,0.833333333333333,0.666666666666667
2006,"Norway",0.58,0.58,0.58,1,0.666666666666667,0.666666666666667,0,0.333333333333333,0.5,0.833333333333333,0.666666666666667
2007,"Norway",0.58,0.58,0.58,1,0.666666666666667,0.666666666666667,0,0.333333333333333,0.5,0.833333333333333,0.666666666666667
2008,"Norway",0.58,0.58,0.58,1,0.666666666666667,0.666666666666667,0,0.333333333333333,0.5,0.833333333333333,0.666666666666667
2009,"Norway",0.58,0.58,0.58,1,0.666666666666667,0.666666666666667,0,0.333333333333333,0.5,0.833333333333333,0.666666666666667
2010,"Norway",0.58,0.58,0.58,1,0.666666666666667,0.666666666666667,0,0.333333333333333,0.5,0.833333333333333,0.666666666666667
2011,"Norway",0.58,0.58,0.58,1,0.666666666666667,0.666666666666667,0,0.333333333333333,0.5,0.833333333333333,0.666666666666667
2012,"Norway",0.58,0.58,0.58,1,0.666666666666667,0.666666666666667,0,0.333333333333333,0.5,0.833333333333333,0.666666666666667
1980,"Portugal",0.56,0.42,0.75,0,0.833333333333333,0.833333333333333,0,1,1,1,0
1981,"Portugal",0.56,0.42,0.75,0,0.833333333333333,0.833333333333333,0,1,1,1,0
1982,"Portugal",0.56,0.42,0.75,0,0.833333333333333,0.833333333333333,0,1,1,1,0
1983,"Portugal",0.56,0.42,0.75,0,0.833333333333333,0.833333333333333,0,1,1,1,0
1984,"Portugal",0.56,0.42,0.75,0,0.833333333333333,0.833333333333333,0,1,1,1,0
1985,"Portugal",0.53,0.38,0.75,0,0.833333333333333,0.666666666666667,0,1,1,1,0
1986,"Portugal",0.53,0.38,0.75,0,0.833333333333333,0.666666666666667,0,1,1,1,0
1987,"Portugal",0.53,0.38,0.75,0,0.833333333333333,0.666666666666667,0,1,1,1,0
1988,"Portugal",0.53,0.38,0.75,0,0.833333333333333,0.666666666666667,0,1,1,1,0
1989,"Portugal",0.53,0.38,0.75,0,0.833333333333333,0.666666666666667,0,1,1,1,0
1990,"Portugal",0.53,0.38,0.75,0,0.833333333333333,0.666666666666667,0,1,1,1,0
1991,"Portugal",0.53,0.38,0.75,0,0.833333333333333,0.666666666666667,0,1,1,1,0
1992,"Portugal",0.53,0.38,0.75,0,0.833333333333333,0.666666666666667,0,1,1,1,0
1993,"Portugal",0.66,0.58,0.75,1,0.833333333333333,0.5,0,1,1,1,0
1994,"Portugal",0.66,0.58,0.75,1,0.833333333333333,0.5,0,1,1,1,0
1995,"Portugal",0.66,0.58,0.75,1,0.833333333333333,0.5,0,1,1,1,0
1996,"Portugal",0.66,0.58,0.75,1,0.833333333333333,0.5,0,1,1,1,0
1997,"Portugal",0.66,0.58,0.75,1,0.833333333333333,0.5,0,1,1,1,0
1998,"Portugal",0.66,0.58,0.75,1,0.833333333333333,0.5,0,1,1,1,0
1999,"Portugal",0.73,0.71,0.75,1,0.833333333333333,0.5,0.5,1,1,1,0
2000,"Portugal",0.73,0.71,0.75,1,0.833333333333333,0.5,0.5,1,1,1,0
2001,"Portugal",0.73,0.71,0.75,1,0.833333333333333,0.5,0.5,1,1,1,0
2002,"Portugal",0.73,0.71,0.75,1,0.833333333333333,0.5,0.5,1,1,1,0
2003,"Portugal",0.73,0.71,0.75,1,0.833333333333333,0.5,0.5,1,1,1,0
2004,"Portugal",0.73,0.71,0.75,1,0.833333333333333,0.5,0.5,1,1,1,0
2005,"Portugal",0.73,0.71,0.75,1,0.833333333333333,0.5,0.5,1,1,1,0
2006,"Portugal",0.79,0.62,1,1,0,0.5,1,1,1,1,1
2007,"Portugal",0.79,0.62,1,1,0,0.5,1,1,1,1,1
2008,"Portugal",0.79,0.62,1,1,0,0.5,1,1,1,1,1
2009,"Portugal",0.79,0.62,1,1,0,0.5,1,1,1,1,1
2010,"Portugal",0.79,0.62,1,1,0,0.5,1,1,1,1,1
2011,"Portugal",NA,NA,1,1,NA,0.5,1,1,1,1,1
2012,"Portugal",NA,NA,1,1,NA,0.5,1,1,1,1,1
1980,"Spain",0.57,0.46,0.71,0,1,0.833333333333333,0,1,0.833333333333333,1,0
1981,"Spain",0.57,0.46,0.71,0,1,0.833333333333333,0,1,0.833333333333333,1,0
1982,"Spain",0.57,0.46,0.71,0,1,0.833333333333333,0,1,0.833333333333333,1,0
1983,"Spain",0.57,0.46,0.71,0,1,0.833333333333333,0,1,0.833333333333333,1,0
1984,"Spain",0.57,0.46,0.71,0,1,0.833333333333333,0,1,0.833333333333333,1,0
1985,"Spain",0.42,0.25,0.71,0,0.166666666666667,0.833333333333333,0,1,0.833333333333333,1,0
1986,"Spain",0.42,0.25,0.71,0,0.166666666666667,0.833333333333333,0,1,0.833333333333333,1,0
1987,"Spain",0.42,0.25,0.71,0,0.166666666666667,0.833333333333333,0,1,0.833333333333333,1,0
1988,"Spain",0.43,0.25,0.75,0,0.166666666666667,0.833333333333333,0,1,1,1,0
1989,"Spain",0.43,0.25,0.75,0,0.166666666666667,0.833333333333333,0,1,1,1,0
1990,"Spain",0.43,0.25,0.75,0,0.166666666666667,0.833333333333333,0,1,1,1,0
1991,"Spain",0.43,0.25,0.75,0,0.166666666666667,0.833333333333333,0,1,1,1,0
1992,"Spain",0.43,0.25,0.75,0,0.166666666666667,0.833333333333333,0,1,1,1,0
1993,"Spain",0.51,0.29,0.88,0,0.166666666666667,0.833333333333333,0.166666666666667,1,1,1,0.5
1994,"Spain",0.51,0.29,0.88,0,0.166666666666667,0.833333333333333,0.166666666666667,1,1,1,0.5
1995,"Spain",0.51,0.29,0.88,0,0.166666666666667,0.833333333333333,0.166666666666667,1,1,1,0.5
1996,"Spain",0.51,0.29,0.88,0,0.166666666666667,0.833333333333333,0.166666666666667,1,1,1,0.5
1997,"Spain",0.51,0.29,0.88,0,0.166666666666667,0.833333333333333,0.166666666666667,1,1,1,0.5
1998,"Spain",0.51,0.29,0.88,0,0.166666666666667,0.833333333333333,0.166666666666667,1,1,1,0.5
1999,"Spain",0.51,0.29,0.88,0,0.166666666666667,0.833333333333333,0.166666666666667,1,1,1,0.5
2000,"Spain",0.51,0.29,0.88,0,0.166666666666667,0.833333333333333,0.166666666666667,1,1,1,0.5
2001,"Spain",0.51,0.29,0.88,0,0.166666666666667,0.833333333333333,0.166666666666667,1,1,1,0.5
2002,"Spain",0.6,0.46,0.79,0.333333333333333,0.666666666666667,0.666666666666667,0.166666666666667,1,0.666666666666667,1,0.5
2003,"Spain",0.6,0.46,0.79,0.333333333333333,0.666666666666667,0.666666666666667,0.166666666666667,1,0.666666666666667,1,0.5
2004,"Spain",0.6,0.46,0.79,0.333333333333333,0.666666666666667,0.666666666666667,0.166666666666667,1,0.666666666666667,1,0.5
2005,"Spain",0.6,0.46,0.79,0.333333333333333,0.666666666666667,0.666666666666667,0.166666666666667,1,0.666666666666667,1,0.5
2006,"Spain",0.6,0.46,0.79,0.333333333333333,0.666666666666667,0.666666666666667,0.166666666666667,1,0.666666666666667,1,0.5
2007,"Spain",0.6,0.46,0.79,0.333333333333333,0.666666666666667,0.666666666666667,0.166666666666667,1,0.666666666666667,1,0.5
2008,"Spain",0.6,0.46,0.79,0.333333333333333,0.666666666666667,0.666666666666667,0.166666666666667,1,0.666666666666667,1,0.5
2009,"Spain",0.6,0.46,0.79,0.333333333333333,0.666666666666667,0.666666666666667,0.166666666666667,1,0.666666666666667,1,0.5
2010,"Spain",0.6,0.46,0.79,0.333333333333333,0.666666666666667,0.666666666666667,0.166666666666667,1,0.666666666666667,1,0.5
2011,"Spain",0.6,0.46,0.79,0.333333333333333,0.666666666666667,0.666666666666667,0.166666666666667,1,0.666666666666667,1,0.5
2012,"Spain",0.6,0.46,0.79,0.333333333333333,0.666666666666667,0.666666666666667,0.166666666666667,1,0.666666666666667,1,0.5
1980,"Sweden",0.29,0.42,0.21,1,0.333333333333333,0.333333333333333,0,0.333333333333333,0.5,0,0
1981,"Sweden",0.29,0.42,0.21,1,0.333333333333333,0.333333333333333,0,0.333333333333333,0.5,0,0
1982,"Sweden",0.32,0.42,0.25,1,0.333333333333333,0.333333333333333,0,0.333333333333333,0.5,0.166666666666667,0
1983,"Sweden",0.26,0.42,0.17,1,0.333333333333333,0.333333333333333,0,0.166666666666667,0.333333333333333,0.166666666666667,0
1984,"Sweden",0.26,0.42,0.17,1,0.333333333333333,0.333333333333333,0,0.166666666666667,0.333333333333333,0.166666666666667,0
1985,"Sweden",0.26,0.42,0.17,1,0.333333333333333,0.333333333333333,0,0.166666666666667,0.333333333333333,0.166666666666667,0
1986,"Sweden",0.26,0.42,0.17,1,0.333333333333333,0.333333333333333,0,0.166666666666667,0.333333333333333,0.166666666666667,0
1987,"Sweden",0.26,0.42,0.17,1,0.333333333333333,0.333333333333333,0,0.166666666666667,0.333333333333333,0.166666666666667,0
1988,"Sweden",0.29,0.42,0.21,1,0.333333333333333,0.333333333333333,0,0.333333333333333,0.333333333333333,0.166666666666667,0
1989,"Sweden",0.29,0.42,0.21,1,0.333333333333333,0.333333333333333,0,0.333333333333333,0.333333333333333,0.166666666666667,0
1990,"Sweden",0.29,0.42,0.21,1,0.333333333333333,0.333333333333333,0,0.333333333333333,0.333333333333333,0.166666666666667,0
1991,"Sweden",0.29,0.42,0.21,1,0.333333333333333,0.333333333333333,0,0.333333333333333,0.333333333333333,0.166666666666667,0
1992,"Sweden",0.29,0.42,0.21,1,0.333333333333333,0.333333333333333,0,0.333333333333333,0.333333333333333,0.166666666666667,0
1993,"Sweden",0.26,0.42,0.17,1,0.333333333333333,0.333333333333333,0,0.166666666666667,0.333333333333333,0.166666666666667,0
1994,"Sweden",0.26,0.42,0.17,1,0.333333333333333,0.333333333333333,0,0.166666666666667,0.333333333333333,0.166666666666667,0
1995,"Sweden",0.42,0.42,0.42,1,0.333333333333333,0.333333333333333,0,0.5,0.666666666666667,0.5,0
1996,"Sweden",0.42,0.42,0.42,1,0.333333333333333,0.333333333333333,0,0.5,0.666666666666667,0.5,0
1997,"Sweden",0.42,0.42,0.42,1,0.333333333333333,0.333333333333333,0,0.5,0.666666666666667,0.5,0
1998,"Sweden",0.42,0.42,0.42,1,0.333333333333333,0.333333333333333,0,0.5,0.666666666666667,0.5,0
1999,"Sweden",0.42,0.42,0.42,1,0.333333333333333,0.333333333333333,0,0.5,0.666666666666667,0.5,0
2000,"Sweden",0.48,0.46,0.5,0.666666666666667,0.333333333333333,0.333333333333333,0.5,0.5,0.333333333333333,1,0.166666666666667
2001,"Sweden",0.48,0.46,0.5,0.666666666666667,0.333333333333333,0.333333333333333,0.5,0.5,0.333333333333333,1,0.166666666666667
2002,"Sweden",0.48,0.46,0.5,0.666666666666667,0.333333333333333,0.333333333333333,0.5,0.5,0.333333333333333,1,0.166666666666667
2003,"Sweden",0.48,0.46,0.5,0.666666666666667,0.333333333333333,0.333333333333333,0.5,0.5,0.333333333333333,1,0.166666666666667
2004,"Sweden",0.48,0.46,0.5,0.666666666666667,0.333333333333333,0.333333333333333,0.5,0.5,0.333333333333333,1,0.166666666666667
2005,"Sweden",0.48,0.46,0.5,0.666666666666667,0.333333333333333,0.333333333333333,0.5,0.5,0.333333333333333,1,0.166666666666667
2006,"Sweden",0.48,0.46,0.5,0.666666666666667,0.333333333333333,0.333333333333333,0.5,0.5,0.333333333333333,1,0.166666666666667
2007,"Sweden",0.54,0.58,0.5,1,0.333333333333333,0.333333333333333,0.666666666666667,0.5,0.333333333333333,1,0.166666666666667
2008,"Sweden",0.54,0.58,0.5,1,0.333333333333333,0.333333333333333,0.666666666666667,0.5,0.333333333333333,1,0.166666666666667
2009,"Sweden",0.54,0.58,0.5,1,0.333333333333333,0.333333333333333,0.666666666666667,0.5,0.333333333333333,1,0.166666666666667
2010,"Sweden",0.54,0.58,0.5,1,0.333333333333333,0.333333333333333,0.666666666666667,0.5,0.333333333333333,1,0.166666666666667
2011,"Sweden",0.58,0.67,0.5,1,0.666666666666667,0.333333333333333,0.666666666666667,0.5,0.333333333333333,1,0.166666666666667
2012,"Sweden",0.6,0.71,0.5,1,0.666666666666667,0.5,0.666666666666667,0.5,0.333333333333333,1,0.166666666666667
1982,"Switzerland",0.23,0.12,0.42,0,0.166666666666667,0.333333333333333,0,0.333333333333333,0.5,0.166666666666667,0.666666666666667
1983,"Switzerland",0.35,0.29,0.42,0,0.166666666666667,0.333333333333333,0.666666666666667,0.333333333333333,0.5,0.166666666666667,0.666666666666667
1984,"Switzerland",0.35,0.29,0.42,0,0.166666666666667,0.333333333333333,0.666666666666667,0.333333333333333,0.5,0.166666666666667,0.666666666666667
1985,"Switzerland",0.35,0.29,0.42,0,0.166666666666667,0.333333333333333,0.666666666666667,0.333333333333333,0.5,0.166666666666667,0.666666666666667
1986,"Switzerland",0.35,0.29,0.42,0,0.166666666666667,0.333333333333333,0.666666666666667,0.333333333333333,0.5,0.166666666666667,0.666666666666667
1987,"Switzerland",0.35,0.29,0.42,0,0.166666666666667,0.333333333333333,0.666666666666667,0.333333333333333,0.5,0.166666666666667,0.666666666666667
1988,"Switzerland",0.35,0.29,0.42,0,0.166666666666667,0.333333333333333,0.666666666666667,0.333333333333333,0.5,0.166666666666667,0.666666666666667
1989,"Switzerland",0.35,0.29,0.42,0,0.166666666666667,0.333333333333333,0.666666666666667,0.333333333333333,0.5,0.166666666666667,0.666666666666667
1990,"Switzerland",0.35,0.29,0.42,0,0.166666666666667,0.333333333333333,0.666666666666667,0.333333333333333,0.5,0.166666666666667,0.666666666666667
1991,"Switzerland",0.32,0.25,0.42,0,0,0.333333333333333,0.666666666666667,0.333333333333333,0.5,0.166666666666667,0.666666666666667
1992,"Switzerland",0.35,0.29,0.42,0,0.166666666666667,0.333333333333333,0.666666666666667,0.333333333333333,0.5,0.166666666666667,0.666666666666667
1993,"Switzerland",0.35,0.29,0.42,0,0.166666666666667,0.333333333333333,0.666666666666667,0.333333333333333,0.5,0.166666666666667,0.666666666666667
1994,"Switzerland",0.35,0.29,0.42,0,0.166666666666667,0.333333333333333,0.666666666666667,0.333333333333333,0.5,0.166666666666667,0.666666666666667
1995,"Switzerland",0.41,0.29,0.58,0,0.166666666666667,0.333333333333333,0.666666666666667,0.666666666666667,0.666666666666667,0.166666666666667,0.833333333333333
1996,"Switzerland",0.41,0.29,0.58,0,0.166666666666667,0.333333333333333,0.666666666666667,0.666666666666667,0.666666666666667,0.166666666666667,0.833333333333333
1997,"Switzerland",0.41,0.29,0.58,0,0.166666666666667,0.333333333333333,0.666666666666667,0.666666666666667,0.666666666666667,0.166666666666667,0.833333333333333
1998,"Switzerland",0.41,0.29,0.58,0,0.166666666666667,0.333333333333333,0.666666666666667,0.666666666666667,0.666666666666667,0.166666666666667,0.833333333333333
1999,"Switzerland",0.38,0.25,0.58,0,0.166666666666667,0.333333333333333,0.5,0.666666666666667,0.666666666666667,0.166666666666667,0.833333333333333
2000,"Switzerland",0.38,0.25,0.58,0,0.166666666666667,0.333333333333333,0.5,0.666666666666667,0.666666666666667,0.166666666666667,0.833333333333333
2001,"Switzerland",0.38,0.25,0.58,0,0.166666666666667,0.333333333333333,0.5,0.666666666666667,0.666666666666667,0.166666666666667,0.833333333333333
2002,"Switzerland",0.38,0.25,0.58,0,0.166666666666667,0.333333333333333,0.5,0.666666666666667,0.666666666666667,0.166666666666667,0.833333333333333
2003,"Switzerland",0.38,0.25,0.58,0,0.166666666666667,0.333333333333333,0.5,0.666666666666667,0.666666666666667,0.166666666666667,0.833333333333333
2004,"Switzerland",0.38,0.25,0.58,0,0.166666666666667,0.333333333333333,0.5,0.666666666666667,0.666666666666667,0.166666666666667,0.833333333333333
2005,"Switzerland",0.38,0.25,0.58,0,0.166666666666667,0.333333333333333,0.5,0.666666666666667,0.666666666666667,0.166666666666667,0.833333333333333
2006,"Switzerland",0.38,0.25,0.58,0,0.166666666666667,0.333333333333333,0.5,0.666666666666667,0.666666666666667,0.166666666666667,0.833333333333333
2007,"Switzerland",0.38,0.25,0.58,0,0.166666666666667,0.333333333333333,0.5,0.666666666666667,0.666666666666667,0.166666666666667,0.833333333333333
2008,"Switzerland",0.38,0.25,0.58,0,0.166666666666667,0.333333333333333,0.5,0.666666666666667,0.666666666666667,0.166666666666667,0.833333333333333
2009,"Switzerland",0.38,0.25,0.58,0,0.166666666666667,0.333333333333333,0.5,0.666666666666667,0.666666666666667,0.166666666666667,0.833333333333333
2010,"Switzerland",0.38,0.25,0.58,0,0.166666666666667,0.333333333333333,0.5,0.666666666666667,0.666666666666667,0.166666666666667,0.833333333333333
2011,"Switzerland",0.38,0.25,0.58,0,0.166666666666667,0.333333333333333,0.5,0.666666666666667,0.666666666666667,0.166666666666667,0.833333333333333
2012,"Switzerland",0.38,0.25,0.58,0,0.166666666666667,0.333333333333333,0.5,0.666666666666667,0.666666666666667,0.166666666666667,0.833333333333333
1980,"United Kingdom",0.25,0.25,0.25,0.166666666666667,0,0.833333333333333,0,0.333333333333333,0.5,0.166666666666667,0
1981,"United Kingdom",0.25,0.25,0.25,0.166666666666667,0,0.833333333333333,0,0.333333333333333,0.5,0.166666666666667,0
1982,"United Kingdom",0.25,0.25,0.25,0.166666666666667,0,0.833333333333333,0,0.333333333333333,0.5,0.166666666666667,0
1983,"United Kingdom",0.23,0.21,0.25,0.166666666666667,0,0.666666666666667,0,0.333333333333333,0.5,0.166666666666667,0
1984,"United Kingdom",0.23,0.21,0.25,0.166666666666667,0,0.666666666666667,0,0.333333333333333,0.5,0.166666666666667,0
1985,"United Kingdom",0.23,0.21,0.25,0.166666666666667,0,0.666666666666667,0,0.333333333333333,0.5,0.166666666666667,0
1986,"United Kingdom",0.33,0.29,0.38,0.166666666666667,0,0.666666666666667,0.333333333333333,0.666666666666667,0.666666666666667,0.166666666666667,0
1987,"United Kingdom",0.33,0.29,0.38,0.166666666666667,0,0.666666666666667,0.333333333333333,0.666666666666667,0.666666666666667,0.166666666666667,0
1988,"United Kingdom",0.37,0.29,0.46,0.166666666666667,0,0.666666666666667,0.333333333333333,0.833333333333333,0.833333333333333,0.166666666666667,0
1989,"United Kingdom",0.52,0.54,0.5,0.666666666666667,0.5,0.666666666666667,0.333333333333333,0.833333333333333,0.833333333333333,0.166666666666667,0.166666666666667
1990,"United Kingdom",0.54,0.58,0.5,0.666666666666667,0.5,0.666666666666667,0.5,0.833333333333333,0.833333333333333,0.166666666666667,0.166666666666667
1991,"United Kingdom",0.54,0.58,0.5,0.666666666666667,0.5,0.666666666666667,0.5,0.833333333333333,0.833333333333333,0.166666666666667,0.166666666666667
1992,"United Kingdom",0.54,0.58,0.5,0.666666666666667,0.5,0.666666666666667,0.5,0.833333333333333,0.833333333333333,0.166666666666667,0.166666666666667
1993,"United Kingdom",0.54,0.58,0.5,0.666666666666667,0.5,0.666666666666667,0.5,0.833333333333333,0.833333333333333,0.166666666666667,0.166666666666667
1994,"United Kingdom",0.54,0.58,0.5,0.666666666666667,0.5,0.666666666666667,0.5,0.833333333333333,0.833333333333333,0.166666666666667,0.166666666666667
1995,"United Kingdom",0.67,0.62,0.71,0.833333333333333,0,0.666666666666667,1,0.833333333333333,0.833333333333333,0.166666666666667,1
1996,"United Kingdom",0.67,0.62,0.71,0.833333333333333,0,0.666666666666667,1,0.833333333333333,0.833333333333333,0.166666666666667,1
1997,"United Kingdom",0.67,0.62,0.71,0.833333333333333,0,0.666666666666667,1,0.833333333333333,0.833333333333333,0.166666666666667,1
1998,"United Kingdom",0.67,0.62,0.71,0.833333333333333,0,0.666666666666667,1,0.833333333333333,0.833333333333333,0.166666666666667,1
1999,"United Kingdom",0.67,0.62,0.71,0.833333333333333,0,0.666666666666667,1,0.833333333333333,0.833333333333333,0.166666666666667,1
2000,"United Kingdom",0.67,0.62,0.71,0.833333333333333,0,0.666666666666667,1,0.833333333333333,0.833333333333333,0.166666666666667,1
2001,"United Kingdom",0.67,0.62,0.71,0.833333333333333,0,0.666666666666667,1,0.833333333333333,0.833333333333333,0.166666666666667,1
2002,"United Kingdom",0.67,0.62,0.71,0.833333333333333,0,0.666666666666667,1,0.833333333333333,0.833333333333333,0.166666666666667,1
2003,"United Kingdom",0.67,0.62,0.71,0.833333333333333,0,0.666666666666667,1,0.833333333333333,0.833333333333333,0.166666666666667,1
2004,"United Kingdom",0.67,0.62,0.71,0.833333333333333,0,0.666666666666667,1,0.833333333333333,0.833333333333333,0.166666666666667,1
2005,"United Kingdom",0.67,0.62,0.71,0.833333333333333,0,0.666666666666667,1,0.833333333333333,0.833333333333333,0.166666666666667,1
2006,"United Kingdom",0.67,0.62,0.71,0.833333333333333,0,0.666666666666667,1,0.833333333333333,0.833333333333333,0.166666666666667,1
2007,"United Kingdom",0.67,0.62,0.71,0.833333333333333,0,0.666666666666667,1,0.833333333333333,0.833333333333333,0.166666666666667,1
2008,"United Kingdom",0.67,0.62,0.71,0.833333333333333,0,0.666666666666667,1,0.833333333333333,0.833333333333333,0.166666666666667,1
2009,"United Kingdom",0.67,0.62,0.71,0.833333333333333,0,0.666666666666667,1,0.833333333333333,0.833333333333333,0.166666666666667,1
2010,"United Kingdom",0.67,0.62,0.71,0.833333333333333,0,0.666666666666667,1,0.833333333333333,0.833333333333333,0.166666666666667,1
2011,"United Kingdom",0.67,0.62,0.71,0.833333333333333,0,0.666666666666667,1,0.833333333333333,0.833333333333333,0.166666666666667,1
2012,"United Kingdom",0.65,0.62,0.67,0.833333333333333,0,0.666666666666667,1,0.666666666666667,0.666666666666667,0.833333333333333,0.5
